channel,n,conversions,conversion_rate,ci_low,ci_high,conversion_rate_pct,ci_low_pct,ci_high_pct
telephone,15044,787,0.05231321457059293,0.04875522603097157,0.05587120311021429,5.231321457059293,4.875522603097157,5.587120311021429
cellular,26144,3853,0.14737607099143207,0.14307918016769616,0.15167296181516798,14.737607099143208,14.307918016769616,15.167296181516798
